2023-2024 OFFICIAL Academic Calendar Carnegie Mellon University

Semester : (M-13, T-13, W-13, Th-13, F-13) Total=65
Mini-1: (M-6, T-7, W-7, Th-7, F-7) Total=34 
Mini-2: (M-7, T-6, W-6, Th-6, F-65) Total=31

Date Day Event

Date -  August 28 ; Day - Monday ; Event - Semester & Mini-1 Classes Begin
Date -  September 1 ; Day - Friday ; Event - Mini-1 add, audit & tuition adjustment drop deadline (1)
Date -  September 4 ; Day - Monday ; Event - Labor Day; No Classes & University Closed
Date -  September 11 ; Day - Monday ; Event - Semester add, audit & tuition adjustment drop deadline (1)
Date -  September 20 ; Day - Wednesday ; Event - Mini-1 drop deadline; withdrawal grade assigned after this date (2)
Date -  October 2 ; Day - Monday ; Event - Mini-1 Pass/no pass & withdrawal deadline (3)
Date -  October 2 ; Day - Monday ; Event - Mini-1 Faculty Course Evaluations open
Date -  October 9 ; Day - Monday ; Event - Semester drop deadline; withdrawal grade assigned after this date
Date -  October 13 ; Day - Friday ; Event - Mini-1 Last Day of Classes
Date -  October 13 ; Day - Friday ; Event - Mini-1 voucher election deadline (4)
Date -  October 13 ; Event - 14 F-Sa Family Weekend
Date -  October 14 ; Event - Mini-1 Exams
Date -  October 14 ; Event - Mini-1 Faculty Course Evaluations close
Date -  October 16 ; Event - 20 M-F Fall Break; No Classes
Date -  October 23 ; Day - Monday ; Event - Mini-2 Classes Begin
Date -  October 23 ; Day - Monday ; Event - Mid-Semester & Mini-1 grades due by 4 pm
Date -  October 27 ; Day - Friday ; Event - Mini-2 add, audit & tuition adjustment drop deadline (1)
Date -  November 7 ; Day - Tuesday ; Event - Democracy Day; No Classes, except Evening classes after 5 pm will still meet
Date -  November 11 ; Event - Homecoming
Date -  November 13 ; Event - 17 M-F Spring 2024 Registration Week
Date -  November 13 ; Day - Monday ; Event - Semester pass/no pass & withdrawal deadline (3)
Date -  November 15 ; Day - Wednesday ; Event - Mini-2 drop deadline; withdrawal grade assigned after this date (2)
Date -  November 22 ; Event - 24 W-F Thanksgiving Break; No Classes
Date -  November 27 ; Day - Monday ; Event - Mini-2 pass/no pass & withdrawal deadline (2)
Date -  November 27 ; Day - Monday ; Event - Semester & Mini-2 Faculty Course Evaluations open
Date -  December 8 ; Day - Friday ; Event - Semester & Mini-2 Last Day of Classes
Date -  December 8 ; Day - Friday ; Event - Semester & Mini-2 voucher deadline (4)
Date -  December 11 ; Event - 12 M-Tu Final Exams
Date -  December 13 ; Day - Wednesday ; Event - Reading Day
Date -  December 14 ; Event - 15 Th-F Final Exams
Date -  December 16 ; Event - Reading Day
Date -  December 17 ; Event - Final Exams
Date -  December 18 ; Day - Monday ; Event - Make-Up Final Exams
Date -  December 18 ; Day - Monday ; Event - Semester & Mini-2 Faculty Course Evaluations close
Date -  December 20 ; Day - Wednesday ; Event - Final Grades Due by 4 pm
Date -  December 23 ; Event - 2 Sa-Tu Winter Break; University Closed
Date -  January 8 ; Day - Monday ; Event - Fall Deans' Lists Posted

=====================================================================================================================================

Semester : (M-13, T-14, W-14, Th-13, F-13) Total=67
Mini-3: (M-6, T-7, W-7, Th-7, F-7) Total=34 
Mini-4: (M-7, T-7, W-7, Th-6, F-6) Total=33

Date Day Event
Date -  January 15 ; Day - Monday ; Event - Martin Luther King Day; No Classes
Date -  January 16 ; Event - First Day of Class
Date -  January 22 ; Day - Monday ; Event - Mini-3 add, audit & tuition adjustment drop deadline (1)
Date -  January 29 ; Day - Monday ; Event - Semester add, audit & tuition adjustment drop deadline (1)
Date -  February 7 ; Day - Wednesday ; Event - Mini-3 course drop deadline; withdrawal grade assigned after this date (2)
Date -  February 19 ; Day - Monday ; Event - Mini-3 pass/no pass & withdrawal deadline (3)
Date -  February 19 ; Day - Monday ; Event - Mini-3 Faculty Course Evaluations open
Date -  February 26 ; Day - Monday ; Event - Semester course drop deadline; withdrawal grade assigned after this date (2)
Date - March 1 ; Day - Friday;  Mini-3 Last Day of Classes 
Date -  March 1 ; Day - Friday ; Event - Mini-3 voucher deadline (4)
Date -  March 2 ; Event - Mini-3 Exams
Date -  March 2 ; Event - Mini-3 Faculty Course Evaluations close
Date -  March 4 ; Event - 8 M-F Spring Break; No Classes
Date -  March 11 ; Day - Monday ; Event - First day of Mini-4 Classes
Date -  March 11 ; Day - Monday ; Event - Mid-Semester & Mini-3 grades due by 4 pm
Date -  March 12 ; Day - Tuesday ; Event - Summer 2024 Registration Opens
Date -  March 15 ; Day - Friday ; Event - Mini-4 add, audit & tuition adjustment drop deadline (1)
Date -  April 1 ; Day - Monday ; Event - Semester pass/no pass & withdrawal deadline (3)
Date -  April 3 ; Day - Wednesday ; Event - Mini-4 course drop deadline; withdrawal grade assigned after this date (2)
Date -  April 11 ; Event - 13 Th-Sa Spring Carnival; No Classes
Date -  April 15 ; Event - 19 M-F Fall 2024 Registration Week
Date -  April 15 ; Day - Monday ; Event - Mini-4 pass/no pass & withdrawal deadline (3)
Date -  April 15 ; Day - Monday ; Event - Semester & Mini-4 Faculty Course Evaluations open
Date -  April 26 ; Day - Friday ; Event - Last Day of Classes
Date -  April 26 ; Day - Friday ; Event - Semester & Mini-4 voucher deadline (4)
Date -  April 29 ; Event - 30 M-Tu Final Examinations
Date -  May 1 ; Day - Wednesday ; Event - Reading Day
Date -  May 2 ; Event - 3 Th-F Final Examinations
Date -  May 4 ; Event - 5 Sa-Su Reading Days
Date -  May 6 ; Day - Monday ; Event - Final Examinations
Date -  May 6 ; Day - Monday ; Event - Semester & Mini-4 Faculty Course Evaluations close
Date -  May 7 ; Event - Make-Up Final Examinations
Date -  May 8 ; Day - Wednesday ; Event - Graduating Final Grades Due by 4 pm
Date -  May 12 ; Event - Commencement
Date -  May 14 ; Event - Final Grades Due by 4 pm
Date -  May 21 ; Event - Spring Deans' Lists Posted

=====================================================================================================================================

Semester : (M-10, T-11, W-12, Th-12, F-10) Total=55

Mini-5: (M-5, T-6, W-5, Th-6, F-5) Total=27 [Note:  formerly Summer Session One ]
Mini-6: (M-6, T-6, W-6, Th-5, F-5) Total=28

Date Day Event
Date -  May 13 ; Day - Monday ; Event - Semester & Mini-5 Classes Begin
Date -  May 17 ; Day - Friday ; Event - Mini-5 add, audit, & tuition adjustment drop deadline (1)
Date -  May 24 ; Day - Friday ; Event - Semester add, audit, & tuition adjustment drop deadline (1)
Date -  May 27 ; Day - Monday ; Event - Memorial Day; University Closed & No Classes
Date -  May 28 ; Day - Tuesday ; Event - Mini-5 course drop deadline; withdrawal grade assigned after this date (2)
Date -  June 7 ; Day - Friday ; Event - Mini-5 pass/no pass & withdrawal deadline (3)
Date -  June 14 ; Day - Friday ; Event - Mini-5 Faculty Course Evaluations open
Date -  June 18 ; Day - Tuesday ; Event - Semester course drop deadline; withdrawal grade assigned after this date (2)
Date -  June 19 ; Day - Wednesday ; Event - Juneteenth; University Closed & No Classes
Date -  June 20 ; Event - Mini-5 Last Day of Classes
Date -  June 20 ; Event - Mini-5 voucher deadline (4)
Date -  June 21 ; Day - Friday ; Event - Mini-5 Final Exams
Date -  June 21 ; Day - Friday ; Event - Mini-5 Faculty Course Evaluations close
Date -  June 24 ; Day - Monday ; Event - Mini-6 First Day of Classes
Date -  June 25 ; Day - Tuesday ; Event - Mini-5 Final Grades Due by 4 pm
Date -  June 28 ; Day - Friday ; Event - Mini-6 add, audit, & tuition adjustment drop deadline (1)
Date -  July 4 ; Event - Independence Day; University Closed & No Classes
Date -  July 5 ; Day - Friday ; Event - Semester pass/no pass & withdrawal deadline (3)
Date -  July 8 ; Day - Monday ; Event - Mini-6 drop deadline; withdrawal grade assigned after this date (2)
Date -  July 22 ; Day - Friday ; Event - Mini-6 pass/no pass & withdrawal deadline (3)
Date -  July 29 ; Day - Monday ; Event - Semester & Mini-6 Faculty Course Evalutations open
Date -  August 1 ; Event - Semester & Mini-6 Last Day of ClassesSummer Semester 2024 (M24)
Date - August 1 ; Day - Thursday ; Event - Semester & Mini-6 voucher deadline (4)
Date -  August 2 ; Day - Friday ; Event - Semester & Mini-6 Final Exams***
Date -  August 2 ; Day - Friday ; Event - Semester & Mini-6 Faculty Course Evaluations close
Date -  August 6 ; Day - Tuesday ; Event - Semester & Mini-6 Final Grades Due by 4 pm

=====================================================================================================================================

Semester (6 weeks): (M-6, T-6, W-6, Th-5, F-5) Total=28

Date Day Event
Date -  June 24 ; Day - Monday ; Event - Summer Semester Two Classes Begin
Date -  June 28 ; Day - Friday ; Event - Summer Semester Two add, audit & tuition adjustment drop deadline (1)
Date -  July 4 ; Event - Independence Day; University Closed & No Classes
Date -  July 8 ; Day - Monday ; Event - Summer Semester Two drop deadline; withdrawal grade assigned after this date (2)
Date -  July 22 ; Day - Friday ; Event - Summer Semester Two pass/no pass & withdrawal deadline (3)
Date -  July 29 ; Day - Monday ; Event - Summer Semester Two Faculty Course Evaulations open
Date -  August 1 ; Event - Summer Semester Two Last Day of Classes
Date -  August 1 ; Event - Summer Semester Two voucher deadline (4)
Date -  August 2 ; Day - Friday ; Event - Summer Semester Two Final Exams***
Date -  August 2 ; Day - Friday ; Event - Summer Semester Two Faculty Course Evaluations close
Date -  August 6 ; Day - Tuesday ; Event - Summer Semester Two Final Grades Due by 4 pm

=====================================================================================================================================

Notes:
*Students taking courses in Heinz College and Tepper School of Business (MBA and Computational Finance programs) must review and follow separate academic calendars; Similarly, students taking doctoral courses must review and follow the doctoral calendar for those courses. 
**Summer Semester includes semester-length courses, as well as mini-5 and mini-6. Courses previously offered as Summer Session One (6-weeks) correspond & follow the Mini-5 dates and deadlines.  Summer Semester Two courses (6-weeks) correspond & follow their separate dates. 
***Summer Semester final exams will be scheduled by the University Registrar's Office.

Please see www.cmu.edu/hub/registrar/course-changes for more information about Course 

Changes: Add, Drop, Withdrawal & Voucher Election.
1) Students dropping a course while remaining enrolled (in at least one course-section) will receive a tuition adjustment only if they drop by this date. Students taking a Leave of Absence or Withdrawing from the university should consult the official Tuition Adjustment Policy.
2) Graduate students in CFA, DC and SCS do not receive W grades for course withdrawal. Only graduate students in CIT, HC, MCS and TSB receive W grades.
3) After this date, course withdrawal is permitted in doctoral course-sections only .
4) Undergraduate and master’s students may use vouchers to drop, withdraw, or make a pass/no pass election after the posted deadlines. Doctoral students do not receive vouchers. Advisor approval is required for vouchers to beinitiated, and it is strongly recommended that students contact their advisors before 12 noon on the voucher election deadline date to discuss options.

Please see our Inclusive Holiday Observations and Interfaith Calendar link 

(https://www.cmu.edu/leadership/the-provost/interfaith-calendar/index.html)

2023-2024 OFFICIAL Academic Calendar - DOCTORAL Course-Sections Only Carnegie Mellon University

Semester : (M-13, Tu-13, W-13, Th-13, F-13) Total=65
Mini-1 : (M-6, Tu-7, W-7, Th-7, F-7) Total=34 
Mini-2 : (M-7, Tu-6, W-6, Th-6, F-65) Total=31

Date Day Event
Date -  August 28 ; Day - Monday ; Event - Semester & Mini-1 Classes Begin
Date -  September 1 ; Day - Friday ; Event - Mini-1 add, audit & tuition adjustment drop deadline (1)
Date -  September 4 ; Day - Monday ; Event - Labor Day; No Classes & University Closed
Date -  September 11 ; Day - Monday ; Event - Semester add, audit & tuition adjustment drop deadline (1)
Date -  September 25 ; Day - Monday ; Event - Mini-1 drop & pass/no pass deadline; withdrawal grade assigned after this date (2)
Date -  October 2 ; Day - Monday ; Event - Mini-1 Faculty Course Evaluations open
Date -  October 13 ; Day - Friday ; Event - Mini-1 Last Day of Classes
Date -  October 13 ; Day - Friday ; Event - Mini-1 withdrawal deadline (2)
Date -  October 13 ; Event - 14 F-Sa Family Weekend
Date -  October 14 ; Event - Mini-1 Exams
Date -  October 14 ; Event - Mini-1 Faculty Course Evaluations close
Date -  October 16 ; Event - 20 M-F Fall Break; No Classes
Date -  October 23 ; Day - Monday ; Event - Mini-2 Classes Begin
Date -  October 23 ; Day - Monday ; Event - Mid-Semester & Mini-1 grades due by 4 pm
Date -  October 27 ; Day - Friday ; Event - Mini-2 add, audit & tuition adjustment drop deadline (1)
Date -  November 7 ; Event - Democracy Day; No Classes, except Evening classes after 5 pm will still meet
Date -  November 11 ; Event - Homecoming
Date -  November 13 ; Event - 17 M-F Spring 2024 Registration Week
Date -  November 13 ; Day - Monday ; Event - Semester drop & pass/no pass deadline; withdrawal grade assigned after this date (2)
Date -  November 22 ; Event - 24 W-F Thanksgiving Holiday; No Classes
Date -  November 27 ; Day - Monday ; Event - Mini-2 drop & pass/no pass deadline; withdrawal grade assigned after this date (2)
Date -  November 27 ; Day - Monday ; Event - Semester & Mini-2 Faculty Course Evaluations open
Date -  December 8 ; Day - Friday ; Event - Semester & Mini-2 Last Day of Classes
Date -  December 8 ; Day - Friday ; Event - Semester & Mini-2 withdrawal deadline (2)
Date -  December 11 ; Event - 12 M-Tu Final Exams
Date -  December 13 ; Day - Wednesday ; Event - Reading Day
Date -  December 14 ; Event - 15 Th-F Final Exams
Date -  December 16 ; Event - Reading Day
Date -  December 17 ; Event - Final Exams
Date -  December 18 ; Day - Monday ; Event - Make-Up Final Exams
Date -  December 18 ; Day - Monday ; Event - Semester & Mini-2 Faculty Course Evaluations close
Date -  December 20 ; Day - Wednesday ; Event - Final Grades Due by 4 pm


Semester : (M-13, T-14, W-14, Th-13, F-13) Total=67
Mini-3 : (M-6, T-7, W-7, Th-7, F-7) Total=34 
Mini-4 : (M-7, T-7, W-7, Th-6, F-6) Total=33

Date Day Event
Date -  January 15 ; Day - Monday ; Event - Martin Luther King Day; No Classes
Date -  January 16 ; Event - First Day of Class
Date -  January 22 ; Day - Monday ; Event - Mini-3 add, audit & tuition adjustment drop deadline (1)
Date -  January 29 ; Day - Monday ; Event - Semester add, audit & tuition adjustment drop deadline (1)
Date -  February 19 ; Day - Monday ; Event - Mini-3 drop & pass/no pass deadline; withdrawal grade assigned after this date (2)
Date -  February 19 ; Day - Monday ; Event - Mini-3 Faculty Course Evaluations open
Date -  March 1 ; Day - Friday ; Event - Mini-3 Last Day of Classes
Date -  March 1 ; Day - Friday ; Event - Mini-3 withdrawal deadline
Date -  March 2 ; Event - Mini-3 Exams
Date -  March 2 ; Event - Mini-3 Faculty Course Evaluations close
Date -  March 4 ; Event - 8 M-F Spring Break; No Classes
Date -  March 11 ; Day - Monday ; Event - First day of Mini-4 Classes
Date -  March 11 ; Day - Monday ; Event - Mid-Semester & Mini-3 grades due by 4 pm
Date -  March 12 ; Event - Summer 2024 Registration Opens
Date -  March 15 ; Day - Friday ; Event - Mini-4 add, audit & tuition adjustment drop deadline (1)Spring 2024 Semester (S24)Fall 2023 Semester (F23) 2023-2024 OFFICIAL Academic Calendar - DOCTORAL Course-Sections Only Carnegie Mellon University
April 1 M Semester drop & pass/no pass deadline; withdrawal grade assigned after this date (2)
Date -  April 11 ; Event - 13 Th-Sa Spring Carnival; No Classes
Date -  April 15 ; Event - 19 M-F Fall 2024 Registration Week
Date -  April 15 ; Day - Monday ; Event - Mini-4 drop & pass/no pass deadline; withdrawal grade assigned after this date (2)
Date -  April 15 ; Day - Monday ; Event - Semester & Mini-4 Faculty Course Evaluations open
Date -  April 26 ; Day - Friday ; Event - Last Day of Classes
Date -  April 26 ; Day - Friday ; Event - Semester & Mini-4 withdrawal deadline
Date -  April 29 ; Event - 30 M-Tu Final Examinations
Date -  May 1 ; Day - Wednesday ; Event - Reading Day
Date -  May 2 ; Event - 3 Th-F Final Examinations
Date -  May 4 ; Event - 5 Sa-Su Reading Days
Date -  May 6 ; Day - Monday ; Event - Final Examinations
Date -  May 6 ; Day - Monday ; Event - Semester & Mini-4 Faculty Course Evaluations close
Date -  May 7 ; Event - Make-Up Final Examinations
Date -  May 8 ; Day - Wednesday ; Event - Graduating Final Grades Due by 4 pm
Date -  May 12 ; Event - Commencement
Date -  May 14 ; Event - Final Grades Due by 4 pm


Semester : (M-10, Tu-11, W-12, Th-12, F-10) Total=55
Mini-5 : (M-5, Tu-6, W-5, Th-6, F-5) Total=27 [Note:  formerly Summer Session One ]
Mini-6 : (M-6, Tu-6, W-6, Th-5, F-5) Total=28

Date Day Event
Date -  May 13 ; Day - Monday ; Event - Semester & Mini-5 Classes Begin
Date -  May 17 ; Day - Friday ; Event - Mini-5 add, audit, & tuition adjustment drop deadline (1)
Date -  May 24 ; Day - Friday ; Event - Semester add, audit, & tuition adjustment drop deadline (1)
Date -  May 27 ; Day - Monday ; Event - Memorial Day; University Closed & No Classes
Date -  June 10 ; Day - Monday ; Event - Mini-5 drop & pass/no pass deadline; withdrawal grade assigned after this date (2)
Date -  June 14 ; Day - Friday ; Event - Mini-5 Faculty Course Evaluations open
Date -  June 19 ; Event - Juneteenth; University Closed & No Classes
Date -  June 20 ; Event - Mini-5 Last Day of Classes
Date -  June 20 ; Event - Mini-5 withdrawal deadline
Date -  June 21 ; Day - Friday ; Event - Mini-5 Final Exams
Date -  June 21 ; Day - Friday ; Event - Mini-5 Faculty Course Evaluations close
Date -  June 24 ; Day - Monday ; Event - Mini-6 First Day of Classes
Date -  June 25 ; Event - Mini-5 Final Grades Due by 4 pm
Date -  June 28 ; Day - Friday ; Event - Mini-6 add, audit, & tuition adjustment drop deadline (1)
Date -  July 4 ; Event - Independence Day; University Closed & No Classes
Date -  July 5 ; Day - Friday ; Event - Semester drop & pass/no pass deadline; withdrawal grade assigned after this date (2)
Date -  July 22 ; Day - Monday ; Event - Mini-6 pass/no pass & withdrawal deadline
Date -  July 29 ; Day - Monday ; Event - Semester & Mini-6 Faculty Course Evalutations open
Date -  August 1 ; Event - Semester & Mini-6 Last Day of Classes
Date -  August 1 ; Event - Semester & Mini-6 withdrawal deadline
Date -  August 2 ; Day - Friday ; Event - Semester & Mini-6 Final Exams***
Date -  August 2 ; Day - Friday ; Event - Semester & Mini-6 Faculty Course Evaluations close
Date -  August 6 ; Event - Semester & Mini-6 Final Grades Due by 4 pm

Semester (6 weeks): (M-6, Tu-6, W-6, Th-5, F-5) Total=28

Date Day Event
Date -  June 24 ; Day - Monday ; Event - Summer Semester Two Classes Begin
Date -  June 28 ; Day - Friday ; Event - Summer Semester Two add, audit & tuition adjustment drop deadline (1)
Date -  July 4 ; Event - Independence Day; University Closed & No Classes
Date -  July 22 ; Day - Monday ; Event - Summer Semester Two drop & pass/no pass deadline; withdrawal grade assigned after this da
Date -  July 29 ; Day - Monday ; Event - Summer Semester Two Faculty Course Evaulations open
Date -  August 1 ; Event - Summer Semester Two Last Day of Classes
Date -  August 1 ; Event - Summer Semester Two withdrawal deadline Summer Semester Two
August 2 F Summer Semester Two Final Exams***
Date -  August 2 ; Day - Friday ; Event - Summer Semester Two Faculty Course Evaluations close
Date -  August 6 ; Event - Summer Semester Two Final Grades Due by 4 pm

2024-2025 OFFICIAL Academic Calendar Carnegie Mellon University
Proposed: 13 June 2023
Approved: 4 December 2023
Updated: 4 December 2023


Semester : (M-13, T-13, W-13, Th-13, F-13) Total=65

Mini-1: (M-6, T-7, W-7, Th-7, F-7) Total=34 
Mini-2: (M-7, T-6, W-6, Th-6, F-6) Total=31

Date Day Event
Date -  August 18 ; Event - 23 S-F First-Year Orientation
Date -  August 22 ; Event - Convocation
Date -  August 26 ; Day - Monday ; Event - Semester & Mini-1 Classes Begin
Date -  August 30 ; Day - Friday ; Event - Mini-1 add, audit & tuition adjustment drop deadline (1)
Date -  September 2 ; Day - Monday ; Event - Labor Day; No Classes & University Closed
Date -  September 9 ; Day - Monday ; Event - Semester add, audit & tuition adjustment drop deadline (1)
Date -  September 18 ; Day - Monday ; Event - Mini-1 drop deadline; withdrawal grade assigned after this date (2)
Date -  September 30 ; Day - Monday ; Event - Mini-1 Pass/no pass & withdrawal deadline (3)
Date -  September 30 ; Day - Monday ; Event - Mini-1 Faculty Course Evaluations open
Date -  October 7 ; Day - Monday ; Event - Semester drop deadline; withdrawal grade assigned after this date (2)
Date -  October 11 ; Day - Friday ; Event - Mini-1 Last Day of Classes
Date -  October 11 ; Day - Friday ; Event - Mini-1 voucher election deadline (4)
Date -  October 12 ; Event - Mini-1 Exams
Date -  October 12 ; Event - Mini-1 Faculty Course Evaluations close
Date -  October 14 ; Event - 18 M-F Fall Break; No Classes
Date -  October 21 ; Day - Monday ; Event - Mini-2 Classes Begin
Date -  October 23 ; Day - Wednesday ; Event - Mid-Semester & Mini-1 grades due by 4 pm
Date -  October 25 ; Day - Friday ; Event - Mini-2 add, audit & tuition adjustment drop deadline (1)
Date -  November 5 ; Day - Tuesday ; Event - Democracy Day; No Classes, except Evening classes after 5 pm will still meet
Date -  November 11 ; Day - Monday ; Event - Semester pass/no pass & withdrawal deadline (3)
Date -  November 13 ; Day - Wednesday ; Event - Mini-2 drop deadline; withdrawal grade assigned after this date (2)
Date -  November 18 ; Event - 22 M-F Spring 2025 Registration Week
Date -  November 25 ; Day - Monday ; Event - Mini-2 pass/no pass & withdrawal deadline (3)
Date -  November 25 ; Day - Monday ; Event - Semester & Mini-2 Faculty Course Evaluations open
Date -  November 27 ; Event - W-F Thanksgiving Break; No Classes
Date -  December 6 ; Day - Friday ; Event - Semester & Mini-2 Last Day of Classes
Date -  December 6 ; Day - Friday ; Event - Semester & Mini-2 voucher deadline (4)
Date -  December 9 ; Event - 10 M-Tu Final Exams
Date -  December 11 ; Day - Monday ; Event - Reading Day
Date -  December 12 ; Event - 13 Th-F Final Exams
Date -  December 14 ; Event - Reading Day
Date -  December 15 ; Event - Final Exams
Date -  December 15 ; Event - Semester & Mini-2 Faculty Course Evaluations close
Date -  December 16 ; Day - Monday ; Event - Make-Up Final Exams
Date -  December 18 ; Day - Wednesday ; Event - Final Grades Due by 4 pm
Date -  December 24 ; Event - 25 T-W University Closed
Date -  December 31 ; Event - 1 T-W University Closed
Date -  January 6 ; Day - Monday ; Event - Fall Deans' Lists Posted



Semester : (M-13, T-14, W-14, Th-13, F-13) Total=67

Mini-3: (M-6, T-7, W-7, Th-7, F-7) Total=34 
Mini-4: (M-7, T-7, W-7, Th-6, F-6) Total=33

Date Day Event
Date -  January 13 ; Day - Monday ; Event - First Day of Classes
Date -  January 17 ; Day - Friday ; Event - Mini-3 add, audit & tuition adjustment drop deadline (1)
Date -  January 20 ; Day - Monday ; Event - Martin Luther King Day; No Classes & University Closed
Date -  January 27 ; Day - Monday ; Event - Semester add, audit & tuition adjustment drop deadline (1)
Date -  February 5 ; Day - Wednesday ; Event - Mini-3 course drop deadline; withdrawal grade assigned after this date (2)
Date -  February 17 ; Day - Monday ; Event - Mini-3 pass/no pass & withdrawal deadline (3)
Date -  February 17 ; Day - Monday ; Event - Mini-3 Faculty Course Evaluations open
Date - February 24 ; Day - Monday; Event - Semester course drop deadline; withdrawal grade assigned after this date (2)
Date -  February 28 ; Day - Friday ; Event - Mini-3 Last Day of Classes
Date -  February 28 ; Day - Friday ; Event - Mini-3 voucher deadline (4)
Date -  March 1 ; Event - Mini-3 Exams
Date -  March 1 ; Event - Mini-3 Faculty Course Evaluations close
Date -  March 3 ; Event - 7 M-F Spring Break; No Classes
Date -  March 10 ; Day - Monday ; Event - First day of Mini-4 Classes
Date -  March 11 ; Day - Tuesday ; Event - Summer 2025 Registration Opens
Date -  March 12 ; Day - Wednesday ; Event - Mid-Semester & Mini-3 grades due by 4 pm
Date -  March 14 ; Day - Friday ; Event - Mini-4 add, audit & tuition adjustment drop deadline (1)
Date -  March 31 ; Day - Monday ; Event - Semester pass/no pass & withdrawal deadline
Date -  April 2 ; Day - Wednesday ; Event - Mini-4 course drop deadline; withdrawal grade assigned after this date (2)
Date -  April 3 ; Event - 5 Th-Sa Spring Carnival; No Classes
Date -  April 7 ; Event - 11 M-F Fall 2025 Registration Week
Date -  April 14 ; Day - Monday ; Event - Mini-4 pass/no pass & withdrawal deadline (3)
Date -  April 14 ; Day - Monday ; Event - Semester & Mini-4 Faculty Course Evaluations open
Date -  April 25 ; Day - Friday ; Event - Last Day of Classes
Date -  April 25 ; Day - Friday ; Event - Semester & Mini-4 voucher deadline (4)
Date -  April 28 ; Event - 29 M-Tu Final Examinations
Date -  April 30 ; Day - Wednesday ; Event - Reading Day
Date -  May 1 ; Event - 2 Th-F Final Examinations
Date -  May 3 ; Event - 4 Sa-Su Reading Days
Date -  May 5 ; Day - Monday ; Event - Final Examinations
Date -  May 5 ; Day - Monday ; Event - Semester & Mini-4 Faculty Course Evaluations close
Date -  May 6 ; Event - Make-Up Final Examinations
Date -  May 8 ; Day - Wednesday ; Event - Graduating Students' Final Grades Due by 4 pm
Date -  May 11 ; Event - Commencement
Date -  May 13 ; Event - Final Grades Due by 4 pm
Date -  May 20 ; Event - Spring Deans' Lists Posted



Semester : (M-10, T-11, W-12, Th-12, F-10) Total=55

Mini-5: (M-5, T-6, W-5, Th-6, F-5) Total=27
Mini-6: (M-6, T-6, W-6, Th-5, F-5) Total=28

Date Day Event
Date -  May 12 ; Day - Monday ; Event - Summer Session All, One & Mini-5 Classes Begin
Date -  May 16 ; Day - Friday ; Event - Summer One & Mini-5 add, audit, & tuition adjustment drop deadline (1)
Date -  May 23 ; Day - Friday ; Event - Summer All add, audit, & tuition adjustment drop deadline (1)
Date -  May 26 ; Day - Friday ; Event - Memorial Day; University Closed & No Classes
Date -  May 27 ; Day - Tuesday ; Event - Summer One & Mini-5 course drop deadline; withdrawal grade assigned after this date (2)
Date -  June 9 ; Day - Monday ; Event - Summer One & Mini-5 pass/no pass & withdrawal deadline (3)
Date -  June 13 ; Day - Friday ; Event - Summer One & Mini-5 Faculty Course Evaluations open
Date -  June 17 ; Day - Tuesday ; Event - Summer All course drop deadline; withdrawal grade assigned after this date (2)
Date -  June 18 ; Day - Wednesday ; Event - Summer One & Mini-5 Last Day of Classes
Date -  June 18 ; Day - Wednesday ; Event - Summer One & Mini-5 voucher deadline
Date -  June 19 ; Event - Juneteenth; University Closed & No Classes
Date -  June 20 ; Day - Friday ; Event - Summer One & Mini-5 Final Exams
Date -  June 20 ; Day - Friday ; Event - Summer One & Mini-5 Faculty Course Evaluations close
Date -  June 23 ; Day - Monday ; Event - Summer Two & Mini-6 First Day of Classes
Date -  June 24 ; Day - Tuesday ; Event - Summer One & Mini-5 Final Grades Due by 4 pm
Date -  June 27 ; Day - Friday ; Event - Summer Two & Mini-6 add, audit, & tuition adjustment drop deadline (1)
Date -  July 3 ; Event - Summer All pass/no pass & withdrawal grade deadline (3)
Date -  July 4 ; Day - Friday ; Event - Independence Day; University Closed & No Classes
Date -  July 7 ; Day - Monday ; Event - Summer Two & Mini-6 drop deadline; withdrawal grade assigned after this date (2)
Date -  July 21 ; Day - Monday ; Event - Summer Two & Mini-6 pass/no pass & withdrawal deadline (3)
Date -  July 28 ; Day - Monday ; Event - Summer All, Two & Mini-6 Faculty Course Evalutations open
Date - July 31 ; Thursday ; Event - Summer All, Two & Mini-6 Last Day of Classes
Date -  July 31 ; Event - Summer All, Two & Mini-6 voucher deadline
Date -  August 1 ; Day - Friday ; Event - Summer All, Two & Mini-6 Final Exams
Date -  August 1 ; Day - Friday ; Event - Summer All, Two & Mini-6 Faculty Course Evaluations close
Date -  August 5 ; Event - Summer All, Two & Mini-6 Final Grades Due by 4 pm

